"baseMean","log2FoldChange","lfcSE","pvalue","padj","pathway","meanNorm_sev","prev_sev"
23.7215659085509,-0.000117728448703544,0.0193793913262414,0.611867813895015,0.981290793295834,"12DICHLORETHDEG-PWY",3.63284536326936,0.192982456140351
61.1054883032877,0.00023958249018045,0.0193756998925332,0.589154336920617,0.980371627402781,"14DICHLORBENZDEG-PWY",35.9816294988157,0.631578947368421
31702.2165880575,-0.000471213647138704,0.0190172311140656,0.897729249943386,0.986795443277594,"1CMET2-PWY",29220.1341809985,1
444.034189570555,-0.000100550963865732,0.0193779578610583,0.76108964859056,0.981290793295834,"3-HYDROXYPHENYLACETATE-DEGRADATION-PWY",595.88114759138,0.68421052631579
22.5848029497371,7.98189950301699e-05,0.0193795170809051,0.718299104898504,0.981290793295834,"AEROBACTINSYN-PWY",73.1190457889013,0.31578947368421
1205.72781044715,-0.00243100477946073,0.0193669737428636,0.000880882616687663,0.227689594069021,"ALLANTOINDEG-PWY",1980.69007727633,1
29772.0548552371,-0.00213793043996134,0.0190401473309092,0.547477894813527,0.975348467356041,"ANAEROFRUCAT-PWY",29949.5023932648,1
51385.0339972293,7.88076569842305e-05,0.0187897995964553,0.986345200587729,0.999644237000148,"ANAGLYCOLYSIS-PWY",50490.4555698326,1
19389.0305776867,0.00169335406974247,0.0191888801662739,0.529578375938933,0.975348467356041,"ARG+POLYAMINE-SYN",18801.4435197847,1
7.6469403304021,0.000150816797749828,0.019380101661838,0.352441547483492,0.963929870978775,"ARGDEG-IV-PWY",319.866941565801,0.31578947368421
45.5385992818167,-5.89299435097798e-05,0.0193790872132116,0.818049160438088,0.981290793295834,"ARGDEG-PWY",120.284158828292,0.333333333333333
16265.009687404,0.00271498797075406,0.0192164206899043,0.276968728855076,0.963929870978775,"ARGININE-SYN4-PWY",14398.2377276233,1
29674.7973246166,-0.00269508188509858,0.0190269786259996,0.456450446062163,0.963929870978775,"ARGSYN-PWY",32374.4506875858,1
29505.2547750667,-0.00375501711676565,0.0190627626267851,0.274902387634814,0.963929870978775,"ARGSYNBSUB-PWY",32370.5286191404,1
54330.8815875087,0.00104005954872354,0.0188979186576881,0.804057589568281,0.981290793295834,"ARO-PWY",55522.8427517294,1
20292.9687544428,0.000327229383137362,0.0192469156138422,0.88478680694598,0.986795443277594,"ASPASN-PWY",20001.025789127,1
976.668628447984,-0.00127784317232772,0.0193748961475895,0.00743556789886732,0.352262993734597,"AST-PWY",1689.86697574291,0.929824561403509
51556.8654579715,0.000930810268608815,0.0190790048457225,0.781362712278587,0.981290793295834,"BRANCHED-CHAIN-AA-SYN-PWY",54730.2168583304,1
46406.497333533,0.000255996125784931,0.0186910248763677,0.958688772931178,0.997329424782683,"CALVIN-PWY",43036.2175209423,1
405.8091547961,0.000179271803566324,0.0193652372024568,0.81716398543717,0.981290793295834,"CARNMET-PWY",461.647465823155,1
687.665143092535,-0.00127353018795077,0.0193722247286025,0.0269187142780939,0.407699978291544,"CATECHOL-ORTHO-CLEAVAGE-PWY",1194.98513221859,0.912280701754386
25.9356298125439,-1.40930366198011e-06,0.0193783969729286,0.996299938180628,0.999991564769918,"CHLOROPHYLL-SYN",42.3875586810763,0.43859649122807
10664.1123376279,-0.000327402384499468,0.0192709195902468,0.873047840835115,0.986795443277594,"CITRULBIO-PWY",11177.0613973,1
56060.9739527601,0.002805127367925,0.0189645700512531,0.473018606338544,0.963929870978775,"COA-PWY",55829.1734782864,1
52970.2324442367,0.00326577351643524,0.0189069026249591,0.431918719306914,0.963929870978775,"COA-PWY-1",52093.1200286155,1
11582.562802804,0.000234940160801803,0.0192736016307355,0.907598775026794,0.986795443277594,"COBALSYN-PWY",11858.4460620941,1
17.3893343472969,-7.20481119804054e-05,0.0193779837629273,0.826752645845244,0.981290793295834,"CODH-PWY",16.832438142149,0.596491228070175
19214.8201658431,0.00151640431937728,0.0193106442053626,0.355553771411853,0.963929870978775,"COLANSYN-PWY",16099.0708363893,1
57837.0944889297,0.000844839528374148,0.0189036994176947,0.83939231967857,0.981290793295834,"COMPLETE-ARO-PWY",59288.55581667,1
148.91554506123,5.62797835784484e-06,0.0193790618447786,0.982600980217148,0.999644237000148,"CRNFORCAT-PWY",174.892092564554,0.456140350877193
42783.8170625555,-0.000771416701871774,0.0187962575978178,0.866285389258358,0.986795443277594,"DAPLYSINESYN-PWY",43806.7743231765,1
1530.65582588575,-0.000508520473436968,0.0193375411884441,0.693657974645588,0.981290793295834,"DARABCATK12-PWY",1288.22043877991,1
4682.72951488946,-0.000134315396704653,0.0193416037653509,0.91298653087746,0.986795443277594,"DENITRIFICATION-PWY",4539.92169151173,1
50944.9541028605,6.93048496732408e-05,0.0190180241765849,0.984902072013388,0.999644237000148,"DENOVOPURINE2-PWY",51793.1171771912,1
811.508856616787,-0.00110652036046094,0.0193755598048589,0.0138695450593481,0.352262993734597,"DHGLUCONATE-PYR-CAT-PWY",1546.84378458075,0.912280701754386
35182.0524929529,0.00249746633514913,0.019093963692576,0.445400333410744,0.963929870978775,"DTDPRHAMSYN-PWY",38658.6658894172,1
12.8033497413521,-0.0001691156225927,0.0193759760916584,0.695047191296929,0.981290793295834,"ECASYN-PWY",83.6574353395192,0.421052631578947
5205.18317076714,-0.00176944134806084,0.0193680703268955,0.0116357400050515,0.352262993734597,"FAO-PWY",5960.26287030531,1
39622.5430509619,0.00242519229221028,0.0188318644700446,0.585778413415195,0.980371627402781,"FERMENTATION-PWY",38820.8180665152,1
53273.7453277875,0.00196366051596328,0.0188731958179318,0.647229465323097,0.981290793295834,"FOLSYN-PWY",53688.6485418121,1
1558.55493563129,-0.000870451673133914,0.0193301353952324,0.533088431645554,0.975348467356041,"FUC-RHAMCAT-PWY",1446.9327203971,1
3374.74941188819,-0.00225044117276401,0.0193204419967888,0.139600752595666,0.76780413927616,"FUCCAT-PWY",3732.24615428095,1
1788.95413618973,-0.00247088387723469,0.0193640892979578,0.00210343240028288,0.227689594069021,"GALACTARDEG-PWY",2349.36004639888,1
7427.61132443668,0.00118388567277132,0.0193146154219369,0.457831260262151,0.963929870978775,"GALACTITOLCAT-PWY",6742.72269357449,1
237.570802336184,-0.000389910023387956,0.0193774201367208,0.27986757900169,0.963929870978775,"GALLATE-DEGRADATION-I-PWY",164.095225651577,0.56140350877193
234.073868507382,-0.000418478121927842,0.0193773011103685,0.25437387197212,0.963929870978775,"GALLATE-DEGRADATION-II-PWY",168.189200942604,0.596491228070175
30776.8917496394,0.000784138683482915,0.0192991648093071,0.65762373290997,0.981290793295834,"GLCMANNANAUT-PWY",30934.0498921692,1
1155.95945010051,-0.00126540203006671,0.0193742446820916,0.0118980365835628,0.352262993734597,"GLUCARDEG-PWY",1845.80524315388,0.894736842105263
1788.95413618973,-0.00247088387723469,0.0193640892979578,0.00210343240028288,0.227689594069021,"GLUCARGALACTSUPER-PWY",2349.36004639888,1
43105.8952605142,0.00264865554150454,0.018733155238427,0.581259164983037,0.980371627402781,"GLUCONEO-PWY",40825.1133268154,1
60827.9767439664,-8.77742032738384e-05,0.0188964607822678,0.983318704936696,0.999644237000148,"GLUCOSE1PMETAB-PWY",62250.0943761022,1
1646.1876016443,-0.000486561355410306,0.0193623617715153,0.564254614580649,0.980371627402781,"GLUDEG-I-PWY",1502.04977762238,1
20278.134760104,-0.00227585505442598,0.0192045277106244,0.378474311309913,0.963929870978775,"GLUTORN-PWY",22581.0737591429,1
10352.8941442607,-0.000524480731748167,0.0193386229150345,0.680772774187096,0.981290793295834,"GLYCOCAT-PWY",11861.6486774195,1
52802.7973844054,0.000644959020616237,0.0190356055870406,0.856896470016798,0.985047633813902,"GLYCOGENSYNTH-PWY",54129.0425786242,1
985.069547853546,-0.00053264892914998,0.0193607841220216,0.544650321555095,0.975348467356041,"GLYCOL-GLYOXDEG-PWY",609.900226549675,1
46948.3169248416,0.000554701533658357,0.0185581270495758,0.917413701804534,0.986795443277594,"GLYCOLYSIS",45026.9793583207,1
4705.94295048139,-0.00132967145276812,0.0193673207673079,0.0654039876262461,0.53143769363586,"GLYCOLYSIS-E-D",5296.81284996742,0.982456140350877
11525.7315200394,0.00137784075809489,0.0192591664197877,0.522418939851337,0.975348467356041,"GLYOXYLATE-BYPASS",10331.1870976127,1
3054.18765270847,0.000644656401727982,0.0193547512718187,0.520304328666747,0.975348467356041,"GOLPDLCAT-PWY",3581.52575074148,1
128.917447041642,7.19112703996524e-05,0.0193778903945426,0.829848327671522,0.981290793295834,"HCAMHPDEG-PWY",450.092095055062,0.56140350877193
19816.239830803,-0.00129621501215147,0.0190949022921938,0.691598767548993,0.981290793295834,"HEME-BIOSYNTHESIS-II",20004.3267854156,1
9403.03563172828,-0.00152723136219417,0.0193194127621966,0.320145374009642,0.963929870978775,"HEME-BIOSYNTHESIS-II-1",10799.6371507038,1
9134.39046986779,-0.00147149668092902,0.0193299017639705,0.293130689817678,0.963929870978775,"HEMESYN2-PWY",10829.0381424935,1
8256.98642784218,0.000876706940120269,0.0193187935176085,0.570128734719292,0.980371627402781,"HEXITOLDEGSUPER-PWY",9088.12561948127,1
19425.6198896485,0.00406746013242878,0.0192483292705401,0.07020677037717,0.53666531254413,"HISDEG-PWY",20186.5344991968,1
17540.077405046,-0.00422930315788611,0.0191670544400219,0.136251474019375,0.76780413927616,"HISTSYN-PWY",18331.7576153256,1
26159.95419085,-0.000832316381219567,0.0190241530724432,0.818779521064219,0.981290793295834,"HOMOSER-METSYN-PWY",26043.4735676417,1
27757.2351552279,-0.00218893822806901,0.018939361928814,0.586008829272615,0.980371627402781,"HSERMETANA-PWY",26836.1216137235,1
56230.8197405605,0.00175118009292157,0.0190537676296644,0.615363124774253,0.981290793295834,"ILEUSYN-PWY",59665.410277921,1
3572.70338481892,-0.000350147196543872,0.0193715154095006,0.558790926068198,0.980371627402781,"KDO-NAGLIPASYN-PWY",3141.63018583877,0.964912280701754
2564.88896154302,-0.000610635703386298,0.0193520307492644,0.562235887728404,0.980371627402781,"KETOGLUCONMET-PWY",3457.41267873403,1
28036.9102116923,0.00106614165626356,0.019314506623032,0.504107849100678,0.963929870978775,"LACTOSECAT-PWY",26890.2510790764,1
3.36892344242329,0.000393412401291531,0.0193786738795881,0.16852162700051,0.827445946290813,"LIPA-CORESYN-PWY",0.48929807667807,0.157894736842105
2558.26495725378,-0.00283612962135818,0.0193512606250748,0.00789756504945892,0.352262993734597,"LIPASYN-PWY",1815.43288746558,1
13.1107742792989,0.000344572540840488,0.0193788955855637,0.202320438781719,0.852771195238835,"LPSSYN-PWY",2.06375620631812,0.175438596491228
32210.4278247793,-7.57328775767346e-05,0.0189468841388656,0.984844065011544,0.999644237000148,"MET-SAM-PWY",31561.9997861783,1
19.1445813894392,-5.81011737622553e-05,0.019377957324274,0.860551591402833,0.985047633813902,"METH-ACETATE-PWY",18.2235785419792,0.614035087719298
1509.78807682631,-0.000631581525672261,0.0193646715654802,0.423648646069666,0.963929870978775,"METHGLYUT-PWY",751.916116530278,1
53.9100731448906,0.000233728277317702,0.0193790579543242,0.365643682346716,0.963929870978775,"METHYLGALLATE-DEGRADATION-PWY",38.2355896438624,0.280701754385965
34001.5144417673,-0.000919282259459424,0.0189127482490742,0.823910735772315,0.981290793295834,"METSYN-PWY",33709.5623776834,1
1945.4489256752,3.65549172028113e-05,0.019371770919161,0.950647320560005,0.997329424782683,"NAD-BIOSYNTHESIS-II",1049.66470656178,0.964912280701754
111.972838192845,-0.000292029273891665,0.0193769711777531,0.447148770137815,0.963929870978775,"NADSYN-PWY",245.840174892776,0.596491228070175
12473.0471730975,0.000299322244988053,0.0193212388593975,0.843211460025455,0.981290793295834,"NAGLIPASYN-PWY",9891.57529340448,1
27513.0601102879,0.00106469862698337,0.0191835923347918,0.696490080862162,0.981290793295834,"NONMEVIPP-PWY",25306.4206487353,1
55509.695196239,-0.00267795712981313,0.0187626722673482,0.568888538985751,0.980371627402781,"NONOXIPENT-PWY",52569.2405241132,1
38447.7408497487,0.00276228002742106,0.0189499553883112,0.486933001410033,0.963929870978775,"OANTIGEN-PWY",41659.3895658058,1
45.5385992818167,-5.89299435097798e-05,0.0193790872132116,0.818049160438088,0.981290793295834,"ORNARGDEG-PWY",120.284158828292,0.333333333333333
1439.36611427069,-0.0011502503506478,0.019374100676154,0.0237272565206825,0.407699978291544,"ORNDEG-PWY",2201.71142568697,0.912280701754386
9485.58776833217,1.23199019491082e-05,0.0193229418717013,0.993410454922702,0.999991564769918,"P101-PWY",7015.3004198142,1
7952.21670540776,-0.00130840446438148,0.0193386886897629,0.304361594847398,0.963929870978775,"P105-PWY",9556.47445829282,1
1113.93442100346,-0.000358711099427697,0.0193720145012813,0.538071400260441,0.975348467356041,"P108-PWY",636.760045235116,0.964912280701754
10605.865955816,0.00127256498657784,0.0193392046041784,0.31483141393101,0.963929870978775,"P125-PWY",12147.0574179288,1
1827.02662048213,0.000377735088216613,0.0193648112800932,0.630792934992777,0.981290793295834,"P163-PWY",2518.503488079,1
8318.04636966574,-0.00045704582617821,0.0193470000493792,0.688943405731563,0.981290793295834,"P164-PWY",8500.46759390291,1
4.23615452209886,3.57493388473687e-05,0.0193804726223382,0.743431409581551,0.981290793295834,"P184-PWY",24.4738922101804,0.175438596491228
22111.300934444,-6.60920129578623e-05,0.0192484727740508,0.976517154013491,0.999644237000148,"P185-PWY",22183.5538535852,1
3250.94164808018,-0.00222731905374642,0.0193661922426447,0.00302912985457677,0.227689594069021,"P221-PWY",4921.06709730689,1
22467.4534046169,0.00117712691500408,0.0192391493243674,0.612141940985179,0.981290793295834,"P23-PWY",22158.0470280361,1
3.41951814110458,1.10785895363867e-05,0.0193806230987126,0.887171845795825,0.986795443277594,"P261-PWY",0.0715220649458821,0.0175438596491228
30.7273763814572,-8.9655932428937e-05,0.019379119695122,0.723780570872395,0.981290793295834,"P341-PWY",0.201496982727624,0.0350877192982456
2161.68390715798,-0.0011661417870377,0.0193593542241844,0.200059196890019,0.852771195238835,"P381-PWY",2650.33221762474,0.982456140350877
34466.8240472887,-0.00510325616308533,0.0186423564789152,0.316707692914689,0.963929870978775,"P4-PWY",34926.3170572944,1
28873.4523336492,0.00223910368334813,0.0192022342903199,0.389219171297607,0.963929870978775,"P42-PWY",26143.9988025311,1
4288.23053491311,0.000181556801792717,0.0193716107549247,0.760583822106597,0.981290793295834,"P441-PWY",3911.4433595438,0.964912280701754
3328.34052412692,-0.000554682714922352,0.0193392672706657,0.661063645598894,0.981290793295834,"P461-PWY",3907.04674543978,1
5015.34960754077,-0.00216991659875747,0.0193416941211975,0.0771672093867196,0.561329216667912,"P562-PWY",7044.78285252448,1
28377.699868389,0.00213358335195237,0.0191105354876364,0.502293989712981,0.963929870978775,"PANTO-PWY",27298.7328788853,1
33991.6481568038,0.00274511673913411,0.0189636652625445,0.482988093122413,0.963929870978775,"PANTOSYN-PWY",32948.7653374342,1
30.7315408316486,0.000242249252483326,0.0193789243935163,0.366374486250152,0.963929870978775,"PCPDEG-PWY",27.2929537546523,0.280701754385965
41459.9245750727,-0.000533210364874907,0.0190584959366598,0.877566889618749,0.986795443277594,"PENTOSE-P-PWY",39114.8329941997,1
59229.1229837824,0.00319256608421589,0.0189030675955339,0.444034251406293,0.963929870978775,"PEPTIDOGLYCANSYN-PWY",58677.1574759695,1
58679.5566326513,-0.000521412644031506,0.0189224531627085,0.898577278754991,0.986795443277594,"PHOSLIPSYN-PWY",59528.533922556,1
11742.1079355836,0.00351426452534422,0.0192922461490814,0.0563998341901413,0.511467688694771,"POLYAMINSYN3-PWY",10281.3613097599,1
16149.6128586258,0.00219883916972586,0.0192431608750795,0.336778446771135,0.963929870978775,"POLYAMSYN-PWY",14695.0033912766,1
54410.1032328174,0.00243860959895876,0.0190368069513142,0.49463543164593,0.963929870978775,"POLYISOPRENSYN-PWY",54347.8972307971,1
22617.0867059367,-0.00231742326972257,0.0192361364635741,0.323193953584926,0.963929870978775,"PPGPPMET-PWY",21787.2072041929,1
2529.86868002171,-0.00207146805724142,0.019368587027937,0.00256566848136322,0.227689594069021,"PROTOCATECHUATE-ORTHO-CLEAVAGE-PWY",3653.37847272179,1
61944.2399156458,0.00219691505968796,0.0186562723905369,0.663747506463024,0.981290793295834,"PWY-1042",60307.5050734871,1
11563.0339887082,0.000350640765018326,0.0193238177833397,0.812776915583843,0.981290793295834,"PWY-1269",9159.63633702485,1
79.9380558978817,0.000335904908538698,0.0193771109982393,0.372991216844744,0.963929870978775,"PWY-1361",71.7317211786252,0.56140350877193
4.40208637013789,8.35597813196025e-06,0.0193803050145565,0.950914146067857,0.997329424782683,"PWY-1501",0.962463913743169,0.087719298245614
55.3449987628885,7.62502763854945e-06,0.0193771155279985,0.983855487858135,0.999644237000148,"PWY-1541",76.2791486727868,0.578947368421053
5222.24817565435,-0.00202392447783773,0.0193501961957663,0.0625289333127681,0.522232387482563,"PWY-1622",6419.53583971525,1
684.818826122702,-0.000147288841270978,0.0193782235860382,0.639826149628937,0.981290793295834,"PWY-181",877.447161171836,0.473684210526316
6453.42764814245,-0.000490283850256204,0.0193503953018803,0.650796378864656,0.981290793295834,"PWY-1861",3643.24314322056,1
1.07697307715161,3.33130153851782e-06,0.0193806220151712,0.966085875915742,0.997512866278308,"PWY-1882",4.42942553668954,0.105263157894737
14501.5244364124,0.00126508948722353,0.0192862870316709,0.506000572094415,0.963929870978775,"PWY-241",12894.2388662899,1
42869.2274666776,0.00230195746920429,0.0191606480122331,0.424070939236984,0.963929870978775,"PWY-2941",44565.4199259131,1
55345.5157540265,0.0022282674387695,0.0187606994126426,0.635975784456628,0.981290793295834,"PWY-2942",54722.1938265055,1
53347.8128049559,0.00107936163659743,0.0189553500626342,0.78464755535421,0.981290793295834,"PWY-3001",55165.2025153145,1
4084.4373929646,0.00135389457022637,0.0193369891158707,0.297355428879648,0.963929870978775,"PWY-3661",4262.90525790116,1
50755.3940704459,0.00125746933844908,0.0188926277644701,0.76537109672654,0.981290793295834,"PWY-3841",50472.4787678478,1
31.0130915955286,-0.000151339530889162,0.0193794584636904,0.503732603323444,0.963929870978775,"PWY-4321",48.9736846442889,0.298245614035088
30.3331141522947,-0.000201610738607873,0.0193785737631852,0.490532750622629,0.963929870978775,"PWY-4702",425.45373170177,0.421052631578947
13709.0781509812,0.00273868619327805,0.0192846972786218,0.153303901654682,0.79242795918075,"PWY-4984",12988.1809361772,1
3331.669296591,-9.2469990918591e-05,0.0193525913611565,0.929380916552989,0.989054861366296,"PWY-5005",3555.09163584439,1
12776.1402092746,8.44390499092223e-05,0.0193224493020258,0.955049047274473,0.997329424782683,"PWY-5022",12651.5915360285,1
1205.26779379545,-0.000963363818495861,0.0193745185420744,0.0504413168203262,0.511467688694771,"PWY-5028",2222.58775637066,0.947368421052632
16205.401316694,0.0033657732274681,0.0193123880597017,0.0378621598527911,0.495725073252588,"PWY-5030",17383.8657162332,1
6.38247168272585,-7.31228416240028e-05,0.0193794845091894,0.744203796485641,0.981290793295834,"PWY-5055",5.71426336234968,0.403508771929825
33925.9891166369,-0.00151263606661514,0.0189011667088426,0.717373371861032,0.981290793295834,"PWY-5097",32031.5106576787,1
21046.3839981871,0.000702072888731527,0.0193015904093419,0.687109527367101,0.981290793295834,"PWY-5100",20762.5139627807,1
2459.35207763547,0.000182598680911679,0.0193650436434305,0.814957955238266,0.981290793295834,"PWY-5101",1594.07764468399,1
51114.1810836279,0.0010188223188518,0.019091244697022,0.756642261013496,0.981290793295834,"PWY-5103",54352.8432585973,1
5.18063057264632,-7.76258799222559e-05,0.0193802474679322,0.589116212649833,0.980371627402781,"PWY-5104",8.57751177892408,0.263157894736842
30549.8671194374,0.00146779004075257,0.0190811813729922,0.660530036109841,0.981290793295834,"PWY-5121",29021.6583712281,1
8683.87576312638,0.00149609982587528,0.0193028757006324,0.386876827792696,0.963929870978775,"PWY-5130",7438.45109562845,1
15514.5363391255,-0.00239111520705234,0.0192872960147432,0.206326623353929,0.861604695672425,"PWY-5136",14787.2825792332,1
1898.43587597039,-0.0011270855190965,0.0193752854326991,0.014564725674219,0.352262993734597,"PWY-5138",3020.7471079831,0.929824561403509
11697.5748095848,-0.00187546141930553,0.0193079863206847,0.26196228558907,0.963929870978775,"PWY-5154",13746.0467045942,1
10.2800396146559,-2.75204234273616e-05,0.0193802830216637,0.84287978634753,0.981290793295834,"PWY-5178",10.2271427324895,0.210526315789474
7497.68991595146,-0.00214525127645602,0.0193366700664184,0.0999086349831786,0.682709005718387,"PWY-5180",7889.75165315092,1
20617.4897929071,-0.0022294987169609,0.0191287979670889,0.468366723789257,0.963929870978775,"PWY-5188",19625.4965978413,1
19329.9450129619,-0.00244284270089344,0.0191473574793608,0.409648500735686,0.963929870978775,"PWY-5189",18560.0114210339,1
30.6870549922665,0.00033024688481033,0.0193791636474082,0.187049484558521,0.852052621504029,"PWY-5209",10.4369538767292,0.228070175438596
47565.5929498239,0.00231776894066037,0.0192434775835801,0.310749755911586,0.963929870978775,"PWY-5265",53732.5458975156,1
21268.2376357593,-0.00157460265953253,0.0192103666304643,0.535616047917785,0.975348467356041,"PWY-5345",19386.0561317688,1
35731.7721122956,-0.00103484687193315,0.0188769827802963,0.808775169058265,0.981290793295834,"PWY-5347",35332.5610108163,1
1152.86857869611,-0.00105725127801572,0.0193758702470294,0.0153422666088078,0.352262993734597,"PWY-5367",970.729256759421,0.807017543859649
52458.0317119696,0.00181632828838534,0.018911980673266,0.660432905548978,0.981290793295834,"PWY-5384",52038.3865395966,1
9.02478269077422,-6.63819649666445e-05,0.0193798213458772,0.730609071967365,0.981290793295834,"PWY-5392",8.68235484084278,0.31578947368421
4497.36712216127,-0.00173364933843437,0.0193416093378771,0.158389112694707,0.793705442503475,"PWY-5415",4982.80348983235,1
729.495250501297,-0.00130516416712874,0.0193717079279162,0.0276514360783506,0.407699978291544,"PWY-5417",1249.15716730816,0.912280701754386
4817.39057123828,-0.00165427407153955,0.0193429172222425,0.171042232862761,0.827445946290813,"PWY-5419",5469.7285090395,1
4384.0772837044,-0.000993385463429154,0.0193413450966804,0.420515482023562,0.963929870978775,"PWY-5420",4685.11379402462,1
239.674106324255,0.000748994134349936,0.0193729973870916,0.172461017630458,0.827445946290813,"PWY-5430",231.185663797165,0.842105263157895
729.495250501297,-0.00130516416712874,0.0193717079279162,0.0276514360783506,0.407699978291544,"PWY-5431",1249.15716730816,0.912280701754386
44611.7026881466,-0.000492922634638711,0.0186340401033491,0.923342964663292,0.986795443277594,"PWY-5484",42915.1313781176,1
18.7062309152186,-0.000864328691750208,0.0193769790793219,0.024306028327426,0.407699978291544,"PWY-5494",19.662933199723,0.68421052631579
10134.914644562,0.000812684197281258,0.0192985418059062,0.647235816673447,0.981290793295834,"PWY-5497",10276.7018708603,1
8819.30082723747,0.00116652211939557,0.0193110388629671,0.476034937628145,0.963929870978775,"PWY-5505",7085.00200386823,1
318.793399111618,-6.03444444269765e-05,0.0193796608894256,0.772042233729085,0.981290793295834,"PWY-5507",394.657516290778,0.43859649122807
43.0594652215111,0.00075314679177512,0.0193763751770484,0.0682829422560748,0.53143769363586,"PWY-5517",30.0558460369418,0.596491228070175
5.72085049131219,-0.000181150388073689,0.0193794373668633,0.427180932359743,0.963929870978775,"PWY-5519",4.08601358737059,0.298245614035088
23.1407831749901,-0.000183488800810929,0.0193791725595109,0.462291896319749,0.963929870978775,"PWY-5531",16.774872488301,0.298245614035088
1055.85992191359,-0.000645809605010653,0.0193746947735658,0.183447298664395,0.852052621504029,"PWY-561",744.928569011606,0.807017543859649
112.447607175442,-0.000345875789327319,0.0193762603030642,0.408488369161204,0.963929870978775,"PWY-5647",72.0422286074402,0.666666666666667
54.8808218035194,-0.000313988438561063,0.0193767605322321,0.426237522128933,0.963929870978775,"PWY-5651",166.918527533452,0.596491228070175
17.9885586173805,-0.000116224478653488,0.0193771970232035,0.755096759676376,0.981290793295834,"PWY-5652",20.1155602576961,0.526315789473684
732.430739280453,-0.000153173192472408,0.0193682151495739,0.826136834872238,0.981290793295834,"PWY-5654",818.80739299318,0.982456140350877
32.3944784959468,-0.000407822295721718,0.019378261621529,0.191753656826716,0.852052621504029,"PWY-5655",27.1812291132529,0.456140350877193
37112.6738764551,3.53204264073007e-08,0.0190813978987974,0.999991564769918,0.999991564769918,"PWY-5659",35953.1331708416,1
62100.0527005007,-0.000414143960998719,0.0188960790369679,0.921443481681149,0.986795443277594,"PWY-5667",62419.9116970224,1
1488.17948711904,0.000375660581122158,0.0193673145859042,0.602769087508165,0.981290793295834,"PWY-5677",2056.44141446121,1
55891.1707600073,0.00279529555799269,0.0188833003970425,0.510818712115138,0.963929870978775,"PWY-5686",55811.2413300645,1
314.079285050891,-0.000673096805157717,0.019368263533968,0.333484523211297,0.963929870978775,"PWY-5692",353.263029183142,0.982456140350877
65126.7622041282,0.00551376592208338,0.0188101885347281,0.2236119614456,0.910270329969287,"PWY-5695",65481.0106518242,1
699.698734862132,-0.000127162143719126,0.0193621727732321,0.880834902883549,0.986795443277594,"PWY-5705",924.104660265166,1
754.210858447029,0.000356044538914939,0.0193679661608156,0.613129803461307,0.981290793295834,"PWY-5723",892.57074427217,0.947368421052632
1.35502507962239,6.65765019752832e-05,0.0193805514221204,0.479750799290633,0.963929870978775,"PWY-5741",1.72742451283186,0.140350877192982
95.1926928647316,-3.68315068766478e-05,0.0193783534851776,0.904400154041484,0.986795443277594,"PWY-5742",583.179136060297,0.526315789473684
1563.03585620642,-0.00203496150454999,0.0193676141512036,0.00435852475876248,0.280813523743125,"PWY-5747",2057.56614169312,0.982456140350877
13054.2469073819,0.00389920659161519,0.0192498040090753,0.0809403742087929,0.57943029790739,"PWY-5837",9496.521914791,1
16488.2178149402,0.00424630160024972,0.0191889008083831,0.114910103714872,0.70992406541654,"PWY-5838",13421.6124264028,1
17790.8763359594,0.0054521672229199,0.0191574272368144,0.0601059589818689,0.511467688694771,"PWY-5840",14483.7025792603,1
12996.8084203393,0.00106652042171005,0.0192916330834631,0.563902770950185,0.980371627402781,"PWY-5845",10333.3520295231,1
16595.2436132765,0.00514616965684181,0.0191838820132601,0.0592005832691775,0.511467688694771,"PWY-5850",13425.9241793791,1
2592.08972236326,-0.00183525407700704,0.0193654723014219,0.017085340336861,0.352262993734597,"PWY-5855",2895.62230911895,1
14962.9564168028,0.00498058853217634,0.0192129851366399,0.0483499570192634,0.511467688694771,"PWY-5860",11675.5333638056,1
15190.386566085,0.00333425578449354,0.0192381430294525,0.152382378753114,0.79242795918075,"PWY-5861",11622.387451258,1
11070.8575157032,0.000844328059083059,0.019303064343644,0.624899730922279,0.981290793295834,"PWY-5862",8509.9850366215,1
12996.8084203393,0.00106652042171005,0.0192916330834631,0.563902770950185,0.980371627402781,"PWY-5896",10333.3520295231,1
17303.5549437366,0.0054958245279395,0.0191602605814085,0.056539644752766,0.511467688694771,"PWY-5897",13974.4032966835,1
17303.5549437366,0.0054958245279395,0.0191602605814085,0.056539644752766,0.511467688694771,"PWY-5898",13974.4032966835,1
17303.5549437366,0.0054958245279395,0.0191602605814085,0.056539644752766,0.511467688694771,"PWY-5899",13974.4032966835,1
72.9172736160881,-0.00019975340129761,0.019379730503801,0.322044694411479,0.963929870978775,"PWY-5910",90.1471154480831,0.333333333333333
16732.9477033134,-0.00375409411117393,0.0192556209989809,0.0857492398699839,0.604264174708793,"PWY-5913",18186.1153307879,1
18809.0681489235,-0.00393501964787422,0.0189647543474915,0.31401966521219,0.963929870978775,"PWY-5918",19003.240844977,1
3210.85499228598,-0.000647759494369179,0.0193654099503613,0.400885196171463,0.963929870978775,"PWY-5920",2723.77700038175,1
58970.6942084892,0.00305729095317483,0.0188685423543458,0.47804516774772,0.963929870978775,"PWY-5973",58168.680038885,1
17277.6464714745,-0.0016671207369808,0.0193401127471224,0.183084083194839,0.852052621504029,"PWY-5989",13346.8314747733,1
538.935163111606,-0.000161515188541625,0.01937443261481,0.744616180448493,0.981290793295834,"PWY-6071",338.143659737924,0.789473684210526
61.1054883032877,0.00023958249018045,0.0193756998925332,0.589154336920617,0.980371627402781,"PWY-6084",35.9816294988157,0.631578947368421
58238.9659711859,0.0031347042822521,0.0188214282798739,0.485003331118029,0.963929870978775,"PWY-6121",57936.0683843199,1
59480.222241582,0.00262747128032733,0.0188482739676424,0.549309336382338,0.975348467356041,"PWY-6122",59487.516160153,1
53526.8490717707,0.00351206940831984,0.018877699820381,0.411151409412381,0.963929870978775,"PWY-6123",52439.1419409755,1
54280.8156882426,0.00366317785419447,0.0188616235389024,0.398250322855211,0.963929870978775,"PWY-6124",53077.8324699248,1
51617.9121950066,-0.00125519664217457,0.018986336766152,0.741884205580527,0.981290793295834,"PWY-6125",52679.368185611,1
47741.5095497727,-0.000650200969396741,0.0190885729705151,0.84390698929966,0.981290793295834,"PWY-6126",48835.3868273539,1
350.954380496812,-0.000236311242592322,0.0193673171137253,0.743361434964217,0.981290793295834,"PWY-6143",395.145300182724,1
51345.3963555503,-0.000544652300466687,0.0187754179532117,0.906876096999168,0.986795443277594,"PWY-6147",50711.2486807221,1
49232.1268224365,0.00194976049716057,0.0190244345650728,0.591322662305346,0.980371627402781,"PWY-6151",49616.234217676,1
53653.3339100224,0.00173535784187533,0.0188735935418462,0.685802183235289,0.981290793295834,"PWY-6163",55050.74140934,1
28956.2895308595,0.00119184453242394,0.0190374561000466,0.738313098146557,0.981290793295834,"PWY-6168",25857.51734513,1
492.112937114231,-0.000648195549696441,0.019373189402573,0.231870994106853,0.921313545785068,"PWY-6182",863.288439543373,0.87719298245614
381.408431986375,0.000215877883309907,0.0193736667594113,0.680850919617357,0.981290793295834,"PWY-6185",545.968253592756,0.87719298245614
17.5724013676814,-0.0001175396469743,0.0193770382323623,0.75755473207605,0.981290793295834,"PWY-6210",21.5906290598831,0.543859649122807
30127.4870343454,-0.00143965551768847,0.0192727813854871,0.478593333342978,0.963929870978775,"PWY-622",36687.317297993,1
6883.76989433811,0.00131075853420639,0.0193430313673964,0.277370935691405,0.963929870978775,"PWY-6263",7181.10903757703,1
10187.3158305065,-0.000212392966345591,0.0192919192661195,0.908365339016998,0.986795443277594,"PWY-6269",10621.4416515726,1
25793.4836552511,0.00119601411996227,0.0191516395352301,0.683771966842757,0.981290793295834,"PWY-6270",24321.5067520404,1
59480.222241582,0.00262747128032733,0.0188482739676424,0.549309336382338,0.975348467356041,"PWY-6277",59487.516160153,1
9392.9240333741,0.000343203248241564,0.0192828468975164,0.859296529575893,0.985047633813902,"PWY-6292",8261.84862333268,1
3388.92957454692,-0.00138525337851589,0.0193563293462821,0.154109512885619,0.79242795918075,"PWY-6293",2919.43582105674,1
15305.5954531047,0.000969783907504625,0.0192135827865084,0.700171610475825,0.981290793295834,"PWY-6305",14425.0565247844,1
418.920820684843,-0.000542314070403041,0.0193775186012482,0.127133270323591,0.762793886622691,"PWY-6307",1023.61530918929,0.719298245614035
5666.14100278754,-0.00180564096032953,0.0193570851363799,0.0591648538946876,0.511467688694771,"PWY-6313",4401.75684419673,1
54994.2279983765,0.00248864935418776,0.0190489685495149,0.478286429301834,0.963929870978775,"PWY-6317",54376.3177280851,1
46.5081522289608,-0.000817390606519156,0.0193761559748075,0.0534567926070287,0.511467688694771,"PWY-6328",647.637075443876,0.701754385964912
416.998906731051,-0.00196645653708334,0.0193647934505977,0.0123973509324065,0.352262993734597,"PWY-6344",521.45039408486,0.982456140350877
16861.008202062,-0.000628152012870674,0.0192717909549654,0.758253977626468,0.981290793295834,"PWY-6353",18005.8696913498,1
6269.99294743264,-0.00102569668662336,0.0193465843841348,0.371925693074315,0.963929870978775,"PWY-6383",8323.10669262966,1
63765.1590070456,0.00330300716119065,0.0189043485766161,0.427851824680138,0.963929870978775,"PWY-6385",63230.7809720916,1
58774.499041085,0.00352063553340635,0.0188977796458303,0.401070435887172,0.963929870978775,"PWY-6386",58079.9529789012,1
60478.8069339848,0.00334769803166767,0.0189100797170465,0.418991138730186,0.963929870978775,"PWY-6387",59953.7633998661,1
9928.9354419677,0.0011028839827886,0.0193429326584117,0.361353597219455,0.963929870978775,"PWY-6396",13834.5489819266,1
591.809861509582,-0.00131853461596554,0.0193728724113406,0.0171835606699803,0.352262993734597,"PWY-6397",415.722060764609,0.912280701754386
1603.91296429764,-0.00102243989567697,0.0193722926966475,0.0745003152643887,0.555496361486608,"PWY-6404",1212.82118388194,0.912280701754386
390.392595426798,-0.000972815720744925,0.0193751510284951,0.0372211868379964,0.495725073252588,"PWY-6421",345.164121957962,0.754385964912281
1487.74743007882,-0.00141642896577032,0.0193717098285181,0.0168399793702494,0.352262993734597,"PWY-6435",2104.55361587694,0.964912280701754
11466.1704115851,0.000428630319816114,0.0193243029419261,0.771237897591357,0.981290793295834,"PWY-6467",9068.24197052661,1
52518.0739616714,0.00122708485367751,0.0192014850650076,0.63770905180099,0.981290793295834,"PWY-6470",55954.4294192846,1
17067.1858007021,-0.000467895296756388,0.0193209570652742,0.757736689218163,0.981290793295834,"PWY-6471",20949.5297530536,1
401.969968060236,0.000131885652586042,0.0193588902387183,0.885990752131016,0.986795443277594,"PWY-6478",530.602086492922,1
5.46592977047765,-0.000103162382809945,0.0193802428206946,0.474800733638328,0.963929870978775,"PWY-6486",2.79601790621574,0.140350877192982
718.192041816235,-0.000835932780355816,0.019376513369178,0.0397803952095291,0.498359951097156,"PWY-6501",1628.46325853515,0.719298245614035
28590.9466403671,0.00342909745797428,0.0192394696350973,0.139236201050056,0.76780413927616,"PWY-6527",27771.9810980613,1
1829.47238423858,-0.000482896335842562,0.0193500226960493,0.657666256758558,0.981290793295834,"PWY-6531",1913.39482008998,1
977.864679368319,-0.000933302541440359,0.0193750811271269,0.0469862173369562,0.511467688694771,"PWY-6562",1514.37454293892,0.912280701754386
569.410854973261,-0.000278364649009499,0.0193788780695145,0.305250981062439,0.963929870978775,"PWY-6565",1391.61998398403,0.68421052631579
59.6993081505846,0.000182176391036245,0.0193767023996773,0.646712193182189,0.981290793295834,"PWY-6588",28.0518443540117,0.614035087719298
9433.75587338924,-0.00255428809157226,0.019296427215406,0.155514776168211,0.79242795918075,"PWY-6595",9149.41516623084,1
15164.475776042,-0.00289934702382371,0.0192529010319791,0.189155156988066,0.852052621504029,"PWY-6606",13683.1225084381,1
11142.1594268067,-0.00282284499866857,0.0192980343530822,0.113044487814958,0.70992406541654,"PWY-6607",11130.2854611131,1
12301.1079262687,-0.00123183125991064,0.0193016754312188,0.479516723823911,0.963929870978775,"PWY-6608",11048.6458358617,1
86321.3556622529,0.00327101324840856,0.0190553306250813,0.34688723325124,0.963929870978775,"PWY-6609",87514.1480757682,1
53582.04467115,0.00155284363565997,0.0189258500459399,0.703262359766164,0.981290793295834,"PWY-6612",54317.360616103,1
53799.9076351534,0.000792442233285066,0.0189361977949758,0.844214695784443,0.981290793295834,"PWY-6628",55630.3026492929,1
53787.6414200541,0.000830564283627445,0.0189381054595997,0.836497257736403,0.981290793295834,"PWY-6630",55565.9221889047,1
1329.15696597187,0.00076711094973622,0.0193662291870444,0.306597240086117,0.963929870978775,"PWY-6641",1796.81781200567,0.964912280701754
11.1215699405745,-0.000109740674629014,0.0193801106308028,0.495793575323333,0.963929870978775,"PWY-6662",26.4194410504061,0.263157894736842
513.294648417835,-0.000512160860488201,0.0193760224352826,0.232881916229485,0.921313545785068,"PWY-6672",1049.79806558143,0.842105263157895
3.2559998717666,9.29484961348857e-05,0.0193805733091366,0.299517439374393,0.963929870978775,"PWY-6676",15.8410296268188,0.175438596491228
128.917447041642,7.19112703996524e-05,0.0193778903945426,0.829848327671522,0.981290793295834,"PWY-6690",450.092095055062,0.56140350877193
50391.1256054757,0.00468406664247546,0.0189772331069018,0.22403549141151,0.910270329969287,"PWY-6700",48406.6019345197,1
35588.266531411,-0.00120284972400447,0.0191399226480378,0.689254831324939,0.981290793295834,"PWY-6703",35297.275880882,1
37636.6450386719,0.0028186964600496,0.0192050643075643,0.274654727874573,0.963929870978775,"PWY-6731",35370.8405464554,1
2732.31876033604,0.000228757840229287,0.0193537214731742,0.822945620838242,0.981290793295834,"PWY-6748",2947.71424726232,1
313.227493682635,-0.000770976597084833,0.0193740301609516,0.131582076307492,0.762793886622691,"PWY-6749",204.697833567838,0.929824561403509
3884.42945843963,-0.00116352365285925,0.0193529412454732,0.261825019336043,0.963929870978775,"PWY-6803",2711.89304490025,1
16506.4806664303,-0.00191728077223092,0.0192022504656252,0.460932779404879,0.963929870978775,"PWY-6823",16792.7721874994,1
13.0006791035289,-8.98713390520011e-05,0.0193699395454895,0.889657874298264,0.986795443277594,"PWY-6837",11.6844665338888,0.807017543859649
42295.411779463,0.001674592137244,0.0191383823150259,0.578912933588503,0.980371627402781,"PWY-6859",43056.0917997379,1
2.46489160576647,6.57518404545448e-05,0.0193805760925266,0.459974656540175,0.963929870978775,"PWY-6873",3.11024812866594,0.0701754385964912
10985.0905877649,0.00233287445567164,0.0192963995217147,0.194634302122503,0.852233691817948,"PWY-6891",10313.1126195209,1
19819.2632474101,0.00275083938762861,0.0192208015693706,0.264348434403302,0.963929870978775,"PWY-6895",18011.0531219551,1
38527.723739708,-0.00112646547755017,0.019127143611831,0.714945114183815,0.981290793295834,"PWY-6897",32634.3203348696,1
25548.1403808025,-0.00282076743420181,0.0190926405566414,0.38979773189619,0.963929870978775,"PWY-6901",25512.8519834552,1
7922.46979025578,-0.00154557739568426,0.0193499807695212,0.156377136068928,0.79242795918075,"PWY-6902",6429.07393072031,1
278.775704331905,-0.000417180297380699,0.019375853658785,0.339601865917149,0.963929870978775,"PWY-6906",402.067775816739,0.736842105263158
3.25347281059327,1.52318659108679e-05,0.0193802156588864,0.917998860222374,0.986795443277594,"PWY-6920",9.69707730541919,0.228070175438596
6562.49573959393,-0.000893523064711477,0.0193084953840749,0.591750052550655,0.980371627402781,"PWY-6922",6747.66990668803,1
47877.1432557172,-0.00113332854781953,0.0191355998797272,0.708757981690426,0.981290793295834,"PWY-6936",51530.9087896047,1
167.626248922618,-0.000280524023669085,0.0193752572697066,0.544181849107876,0.975348467356041,"PWY-6946",202.674104300648,0.736842105263158
187.55119938835,-0.000582853750419854,0.0193699095672403,0.368903383380036,0.963929870978775,"PWY-6948",206.143782727645,0.982456140350877
140.83741869258,-0.00052344145037356,0.019373679084039,0.318205033535811,0.963929870978775,"PWY-6961",108.046982804282,0.771929824561403
29284.2758323846,0.00152562575421156,0.0191701065443041,0.588357321746943,0.980371627402781,"PWY-6969",28373.1998802618,1
179.753344892921,-0.000245989510196441,0.0193694228536108,0.710625982256187,0.981290793295834,"PWY-7013",74.4923433946642,0.912280701754386
45630.5990211919,2.9918303870727e-06,0.0190600057342537,0.999308759693861,0.999991564769918,"PWY-702",47863.0705456893,1
282.164263700467,0.000508349083974781,0.0193668998374818,0.487895176206319,0.963929870978775,"PWY-7031",281.997097829442,0.982456140350877
124.329369606418,0.000621809782130868,0.0193763830577658,0.131924441588847,0.762793886622691,"PWY-7039",92.0781006722103,0.666666666666667
218.163628071581,0.000778073749241613,0.019368091801516,0.266838256140343,0.963929870978775,"PWY-7052",308.147793580888,0.964912280701754
25.3607982575644,0.000767352971795626,0.0193770492792858,0.0435628598551482,0.511467688694771,"PWY-7072",14.5560789324857,0.350877192982456
826.045817317645,-0.0011626200128982,0.0193616182982116,0.176797768869633,0.839324144844258,"PWY-7090",994.863103117326,0.982456140350877
19720.3297698552,-0.00202881571214598,0.0192756096445184,0.31168612930821,0.963929870978775,"PWY-7094",18992.4278146573,1
3.20831323139671,2.40958594247986e-05,0.0193806123570417,0.765268164682774,0.981290793295834,"PWY-7098",24.6782083866695,0.140350877192982
56129.5949384163,0.000640393926712598,0.0191128359895416,0.839762018579417,0.981290793295834,"PWY-7111",61437.4651208189,1
33525.994179465,0.00390731701306894,0.018927281908798,0.33710259324979,0.963929870978775,"PWY-7115",34089.4971689359,1
33609.6124040737,0.000149659329649887,0.0191312453776572,0.960993692008165,0.997329424782683,"PWY-7117",34376.9094081912,1
15479.5058455676,-2.89488433137167e-05,0.0192573589958593,0.98935539385496,0.999991564769918,"PWY-7118",14253.5232703268,1
16.1272120782347,-9.91670478190099e-05,0.0193778385187046,0.768969991808764,0.981290793295834,"PWY-7153",24.443632388117,0.56140350877193
16.7958232531686,-0.000201855251462804,0.0193789829755444,0.444372305768846,0.963929870978775,"PWY-7159",17.4597681085472,0.298245614035088
3718.69616354806,-0.000227652910440348,0.0193636330010019,0.779825462830447,0.981290793295834,"PWY-7199",2676.14271091579,1
45313.6831365362,-0.00240891734687432,0.0190319257324306,0.502783136332293,0.963929870978775,"PWY-7208",45183.086667346,1
26.6266809449399,-0.000140542240513626,0.0193800951069927,0.388488250723534,0.963929870978775,"PWY-722",343.354857200684,0.298245614035088
64447.7427022194,0.00291700198634355,0.0191348142237591,0.337103597196372,0.963929870978775,"PWY-7220",69192.9567127083,1
58708.2633431011,0.00224850588357764,0.0188930574907802,0.593440031665098,0.980371627402781,"PWY-7221",59332.6421012716,1
64447.7427022194,0.00291700198634355,0.0191348142237591,0.337103597196372,0.963929870978775,"PWY-7222",69192.9567127083,1
51861.1149319778,-0.00193859728708322,0.0189745055565254,0.615942181765297,0.981290793295834,"PWY-7228",52400.3687139251,1
51138.3881651633,0.000216005391172667,0.0190958724112323,0.94720798826842,0.997329424782683,"PWY-7229",52435.6527728588,1
48096.4783678351,0.00182336955867646,0.018978463852599,0.635509560362377,0.981290793295834,"PWY-7234",48450.035809586,1
30640.0962188035,-0.000340045241909974,0.0192352608050788,0.885080055779352,0.986795443277594,"PWY-7237",31173.1159377705,1
45539.7062100551,0.000340485573136522,0.0191949067735251,0.897843372457183,0.986795443277594,"PWY-7238",47826.4268362361,1
36014.0125123633,-0.00171283595383124,0.0186777151938013,0.731155147388329,0.981290793295834,"PWY-724",35180.8278440046,1
10045.2205742503,-0.0013843444084678,0.0193030169160775,0.422912397393019,0.963929870978775,"PWY-7254",11228.8448161339,1
490.922520054595,-0.000994773251209868,0.0193759877953697,0.0209588265565453,0.39385128237508,"PWY-7255",376.096865691927,0.789473684210526
159.152480293655,-0.00040854763053812,0.0193791375511866,0.105412420757704,0.704847689736881,"PWY-7268",13.6448207106934,0.210526315789474
114.289216924599,-0.000424344249092569,0.0193790749858436,0.0988127783109547,0.682709005718387,"PWY-7269",9.13690224278538,0.210526315789474
18335.442756375,-0.0020622708863546,0.0193329678505173,0.128624182533789,0.762793886622691,"PWY-7282",16841.16937637,1
1812.63003507057,-9.66253799931064e-05,0.0193715736714297,0.871428868926433,0.986795443277594,"PWY-7294",1817.08450095927,0.807017543859649
232.969465987893,0.000458447008059078,0.0193765250437111,0.258847166151538,0.963929870978775,"PWY-7295",300.090398981321,0.719298245614035
1303.02825036441,-0.00196431708858764,0.0193654564256097,0.0107334161508295,0.352262993734597,"PWY-7315",1318.45488161539,1
703.140835253458,-0.00063335955760279,0.0193576626103518,0.502808904150587,0.963929870978775,"PWY-7316",654.318487399311,1
25627.8825184311,0.00223638414876116,0.019154702342814,0.44330484325667,0.963929870978775,"PWY-7323",23382.1278895404,1
5149.93116106251,-0.000814657585556938,0.0193412626087417,0.509310207766932,0.963929870978775,"PWY-7328",6199.00373540642,1
1779.7980330741,-3.28426357761227e-05,0.0193649262356863,0.966547943600046,0.997512866278308,"PWY-7332",2153.07685091638,1
6.47844585427395,6.86045206100465e-06,0.0193804742175988,0.949785513466107,0.997329424782683,"PWY-7340",14.0170882298302,0.12280701754386
37223.0976731881,-0.00319423254562097,0.0188494168452203,0.466193452211871,0.963929870978775,"PWY-7345",37335.3366495783,1
33342.6360692293,0.000131712841715747,0.0192138871620146,0.958251307557783,0.997329424782683,"PWY-7356",28033.5398845545,1
52755.0437380923,-0.000400980036172368,0.0191291106919077,0.896173918810084,0.986795443277594,"PWY-7357",43215.6334088796,1
4191.07787233781,0.00136410747565455,0.0193514509085334,0.199915319313233,0.852771195238835,"PWY-7371",4587.14164002607,1
4637.99348304271,0.00144479137176832,0.0193489121182855,0.192703697102907,0.852052621504029,"PWY-7373",4963.06699726878,1
4102.08159296966,0.00121244001170088,0.0193504589053462,0.262476088526327,0.963929870978775,"PWY-7374",4471.34577088764,1
1964.50051072946,-0.00205567617748053,0.0193647945006701,0.00894449036448523,0.352262993734597,"PWY-7376",2706.84481574441,0.982456140350877
3262.25212062963,-0.000807342956695624,0.019345106975389,0.491356304162851,0.963929870978775,"PWY-7377",4102.40843856805,1
14493.5128636733,-0.000960835804923683,0.0193056977565535,0.571421109475207,0.980371627402781,"PWY-7383",15986.7635528555,1
28656.908085577,0.001434967148274,0.0190709102187133,0.672683189472505,0.981290793295834,"PWY-7392",27702.4133648243,1
228.959619510807,-0.00025106107956874,0.0193763850657815,0.542906317671981,0.975348467356041,"PWY-7399",245.573982971896,0.701754385964912
23583.7693678536,-0.00211976215169484,0.0191380221705842,0.482678290585585,0.963929870978775,"PWY-7400",26523.6696379617,1
191.184461894997,-0.000275015077132922,0.0193763275484408,0.507869726885205,0.963929870978775,"PWY-7413",134.563330481471,0.771929824561403
4475.64335461845,-0.00190581003057686,0.0193549423683018,0.0564507808396922,0.511467688694771,"PWY-7431",3569.23226685766,1
6.443124597369,0.000333203831855527,0.0193799960736582,0.055990815954335,0.511467688694771,"PWY-7446",1.20746916046174,0.157894736842105
2131.21274763905,-0.000442845510213618,0.0193579206668677,0.637535502194786,0.981290793295834,"PWY-7456",1289.74898540025,1
2504.84107008618,-9.17305684183137e-05,0.0193526729727713,0.929843151262327,0.989054861366296,"PWY-7480",2784.99995128003,1
27513.0601102879,0.00106469862698337,0.0191835923347918,0.696490080862162,0.981290793295834,"PWY-7560",25306.4206487353,1
61128.5814666019,0.003405185101537,0.0188744992814752,0.426903246901931,0.963929870978775,"PWY-7663",58896.9647105781,1
10.5926730623816,-3.31322756469553e-05,0.0193799115572585,0.856717935740222,0.985047633813902,"PWY-7674",13.452895193954,0.333333333333333
23017.6163546621,-0.00252769792005711,0.0191566036622214,0.384276008353624,0.963929870978775,"PWY-7761",23442.0362466648,1
722.031273384872,-0.000472018913310992,0.0193677796593982,0.505739500825364,0.963929870978775,"PWY-7783",502.777773828498,0.964912280701754
6.90339432093206,-2.19999620132865e-05,0.0193789094845696,0.934881469892393,0.992074218638751,"PWY-7787",12.149515144297,0.421052631578947
60491.3619277319,0.00344588051268033,0.0189611022268652,0.379923449461015,0.963929870978775,"PWY-7790",60142.7262581965,1
55606.6439154769,0.00254782682884131,0.0189001370720515,0.542472111127549,0.975348467356041,"PWY-7791",55591.9069244242,1
181.060559704073,-0.000521622389075592,0.0193773517581132,0.152381654559704,0.79242795918075,"PWY-7805",469.054561232822,0.649122807017544
274.675145671926,-0.000350258628661762,0.019376564247115,0.386128561369979,0.963929870978775,"PWY-7807",541.93206159223,0.701754385964912
475.066504522468,0.000593159831356627,0.0193730041953738,0.27971965816748,0.963929870978775,"PWY-7820",354.692171102715,0.912280701754386
51722.6041224283,0.00305895189866979,0.0189223122402617,0.454671443294718,0.963929870978775,"PWY-7851",51047.6054031173,1
15.0777812264928,-0.000107468857132522,0.0193785290635921,0.715968006919409,0.981290793295834,"PWY-7854",11.4896177063476,0.31578947368421
20.9372029918734,6.78341217701767e-05,0.0193785836931428,NA,NA,"PWY-7855",269.989685119562,0.350877192982456
855.764431020279,-0.00112902370606998,0.0193751832271652,0.015316999948387,0.352262993734597,"PWY-7858",743.95390285975,0.807017543859649
110.094183557985,-0.00130867464872609,0.0193737780433867,NA,NA,"PWY-7873",431.640403540143,0.736842105263158
220.687238341217,-0.000796945599769609,0.0193741188238939,0.116645009760251,0.710904045971256,"PWY-7874",506.579874322957,0.824561403508772
6857.06336234531,-0.00144275694801306,0.019359154757462,0.114559628131096,0.70992406541654,"PWY-7883",5712.1977393452,1
1164.68927598419,-0.000921978128361731,0.0193615169536719,0.285385566851781,0.963929870978775,"PWY-7900",901.452639786668,0.982456140350877
37.652391135831,0.000380950382695903,0.01937859841882,0.190162297429777,0.852052621504029,"PWY-7902",14.637811172432,0.298245614035088
136.293307878134,-4.79824783199134e-05,0.0193767661182533,0.903158713942057,0.986795443277594,"PWY-7913",274.770085579555,0.789473684210526
152.36300928714,0.000502569982708744,0.0193741870267499,0.319954699152908,0.963929870978775,"PWY-7942",147.978802932385,0.842105263157895
0.752676947172315,1.60196614747079e-05,0.0193806227235438,0.837634698530429,0.981290793295834,"PWY-7947",0.401479652882846,0.0526315789473684
61919.606929907,0.00340872039821383,0.0189139862140418,0.408731700674976,0.963929870978775,"PWY-7953",61426.7759647853,1
26708.2729399785,0.000500051577738389,0.0191998983908646,0.848466608408426,0.983697790211311,"PWY-7977",23137.1713227522,1
7002.67942196652,0.00194349626966556,0.0193427603191452,0.108520255071321,0.704847689736881,"PWY-7992",7067.66307408441,1
4116.46432894322,-0.00134465300056376,0.0193680294610444,0.0555897649911411,0.511467688694771,"PWY-8004",4655.49708759046,0.982456140350877
2524.70755370127,-0.0014416720755427,0.0193598098423048,0.109330138854879,0.704847689736881,"PWY-801",2150.31472015857,1
3022.15279939804,-0.00145596600022644,0.0193516527155368,0.169807799492908,0.827445946290813,"PWY-8011",3341.97241850822,1
513.501948913178,-0.00132718767873994,0.0193746831679507,0.00631247233564175,0.352262993734597,"PWY-8020",1048.76429888043,0.824561403508772
12.1994163275488,-9.01530827890987e-06,0.0193798591060555,0.961947449624095,0.997329424782683,"PWY-8055",94.6010532457085,0.210526315789474
12473.0471730975,0.000299322244988053,0.0193212388593975,0.843211460025455,0.981290793295834,"PWY-8073",9891.57529340448,1
22.9947285081305,-0.000158072295062282,0.0193800537139313,0.346244349154923,0.963929870978775,"PWY-8085",291.815335807265,0.298245614035088
4454.38597269199,0.00136883678008516,0.0193471444092902,0.229591518272053,0.921313545785068,"PWY-8131",4598.99231453016,1
55776.5714377477,-0.00210860315277056,0.0187461761196536,0.657631336587502,0.981290793295834,"PWY-8178",53022.0472576456,1
19930.691773676,0.00172761501914306,0.0191801438145912,0.530261591959687,0.975348467356041,"PWY-8187",21942.4239033781,1
788.255316742858,-0.000177407472565983,0.0193635503044283,0.827954816560425,0.981290793295834,"PWY-8190",1193.37595444968,1
13783.182063286,-0.000821789195138451,0.0192806825789387,0.674550052400065,0.981290793295834,"PWY-821",13607.5091627074,1
5715.46070673704,-0.00035799463520929,0.0193603659689473,0.686965715404516,0.981290793295834,"PWY-822",9204.057616436,1
52289.9201731197,-0.000146540161636704,0.0188769611046088,0.972662811172137,0.999644237000148,"PWY-841",52238.1040211524,1
51.4108132213869,-0.000205226511290658,0.0193797075124461,0.314204593239481,0.963929870978775,"PWY-922",63.4909232835453,0.333333333333333
45485.3945141486,0.00274356563798183,0.0190554374855757,0.430059239387589,0.963929870978775,"PWY-I9",45497.1322819366,1
46785.827187001,0.00130534513333897,0.0190724149853809,0.700085560167471,0.981290793295834,"PWY0-1061",46317.5948335539,1
3722.158503361,-0.00179166614845322,0.0193575931105914,0.058398009272862,0.511467688694771,"PWY0-1241",3360.82132738531,1
8322.83085197963,-0.0023713027234897,0.019348635920387,0.0332710453945692,0.46891379602971,"PWY0-1261",6745.901746936,1
510.715337627917,-0.000615188526549649,0.0193782414066215,0.049841636981534,0.511467688694771,"PWY0-1277",820.276437419747,0.56140350877193
31825.0572209856,-1.84239696181441e-05,0.0193020976958778,0.991539756246169,0.999991564769918,"PWY0-1296",44566.4304569704,1
45146.3066008686,0.000665189725532782,0.0191971506865561,0.800799384822056,0.981290793295834,"PWY0-1297",47365.6735225183,1
62100.0527005007,-0.000414143960998719,0.0188960790369679,0.921443481681149,0.986795443277594,"PWY0-1319",62419.9116970224,1
82.5929844254041,-0.00016216417454622,0.0193689982659433,0.810218272278525,0.981290793295834,"PWY0-1337",142.255908339236,0.842105263157895
652.004026755198,-0.00072125241039586,0.019376742424587,0.0682197097843285,0.53143769363586,"PWY0-1338",1131.95339939699,0.842105263157895
3041.03627522087,-0.000352792417616078,0.0193650843797042,0.650724791816096,0.981290793295834,"PWY0-1415",2344.9806916429,1
8360.9164500319,-0.00171742417500384,0.019356679295929,0.0751336542143748,0.555496361486608,"PWY0-1477",11254.4260873996,1
6715.60797701831,-5.2236363173841e-05,0.0193602307695868,0.953265482371155,0.997329424782683,"PWY0-1479",5533.86610189102,1
330.306167601344,-0.000411066872335788,0.0193764524657398,0.31542381918715,0.963929870978775,"PWY0-1533",447.887393403349,0.701754385964912
198043.223927542,0.00579465587036989,0.0189292691369367,0.153721565096124,0.79242795918075,"PWY0-1586",189320.840736892,1
46018.3272123954,-0.000634840404561086,0.0189482300575184,0.873296843058572,0.986795443277594,"PWY0-162",46847.5811203014,1
2968.36478282624,-0.001039413418066,0.0193432165752143,0.387869617951616,0.963929870978775,"PWY0-301",2280.46083282981,1
653.505463575707,-0.00015446426458796,0.019374434690143,0.755362054555504,0.981290793295834,"PWY0-321",404.022661160716,0.789473684210526
282.237420559454,-0.000743187934111704,0.0193688061054746,0.274959036495913,0.963929870978775,"PWY0-41",317.701048263363,0.964912280701754
1682.23774085313,-0.00252088184328839,0.0193625368634326,0.00268834096619135,0.227689594069021,"PWY0-42",2010.43534911769,1
31301.0297062536,-0.0031070035498869,0.0187963251509085,0.497639796823532,0.963929870978775,"PWY0-781",31631.8386935445,1
6323.20490696252,-0.00151074404962527,0.0193538748477845,0.138362741336703,0.76780413927616,"PWY0-845",6939.67980679749,1
44053.0373042366,0.000408076819436073,0.0192437245099509,0.858231675196758,0.985047633813902,"PWY0-862",46964.5866098797,1
748.84058987372,-0.00143058345661173,0.019368436295339,0.0384709036892252,0.495725073252588,"PWY1G-0",587.740261292686,1
11772.1888604181,-0.00134103855982591,0.0192931583910573,0.464289616107019,0.963929870978775,"PWY1ZNC-1",10696.9255055279,1
18261.3542817917,-0.000440257743775955,0.019262593898974,0.835796913476984,0.981290793295834,"PWY3O-4107",20052.7500043105,1
11537.9327494091,-0.000632221413175796,0.0193082587616328,0.704797760945559,0.981290793295834,"PWY490-3",11238.7933657033,1
56379.0167395924,-0.000418041074358079,0.0189637672157477,0.914914933393398,0.986795443277594,"PWY4FS-7",57548.6939288356,1
56379.0167395924,-0.000418041074358079,0.0189637672157477,0.914914933393398,0.986795443277594,"PWY4FS-8",57548.6939288356,1
63.331114738924,0.000469543374138348,0.0193759880327116,0.275814705538384,0.963929870978775,"PWY4LZ-257",275.827468558579,0.508771929824561
115.608562280074,0.000147860907055125,0.0193769404275804,0.701459474631523,0.981290793295834,"PWY66-367",54.9930255892395,0.614035087719298
10.063008105585,0.000292254932806029,0.0193771684284886,0.434654760377634,0.963929870978775,"PWY66-373",25.192585128537,0.350877192982456
589.460528490671,-0.00085905466540595,0.0193750455995014,0.0683445370972947,0.53143769363586,"PWY66-388",520.189438202981,0.842105263157895
47575.9219860352,-0.00104602540233115,0.0192067395438536,0.68379013862499,0.981290793295834,"PWY66-389",46112.5756453562,1
991.98654673326,-0.00115059189799606,0.0193746539288861,0.0181746436602188,0.356381056119943,"PWY66-391",701.577225903501,0.824561403508772
16877.5774867749,-0.00069073371925088,0.0192773466530055,0.728378950002354,0.981290793295834,"PWY66-399",17769.2745157672,1
2763.86747207964,-0.00106480723593199,0.0193693501676116,0.109399863152066,0.704847689736881,"PWY66-409",2780.21117180826,1
3.27939491950611,-0.000166757925940298,0.0193795179499408,0.450907519904604,0.963929870978775,"PWY6666-2",3.35061476196864,0.280701754385965
17004.6452584932,-0.00168782252287202,0.0192302782518727,0.480409934323611,0.963929870978775,"PYRIDNUCSAL-PWY",17995.5408017903,1
22127.6108054129,0.00135998955354597,0.0191609987813191,0.636472633154079,0.981290793295834,"PYRIDNUCSYN-PWY",20298.176265228,1
4244.0781359315,-0.00115968565652989,0.0193575174310077,0.221294955466546,0.910270329969287,"PYRIDOXSYN-PWY",4870.90588592511,1
10223.2942817668,-0.00184580721739917,0.0193264918354074,0.20164040571365,0.852771195238835,"REDCITCYC",11034.6080353468,1
2080.81369069038,-0.00147792968957644,0.0193403515494209,0.236532547125619,0.927618945683951,"RHAMCAT-PWY",1796.55935795849,1
29421.5195822311,0.00106925825553655,0.0190581670665805,0.757490676810369,0.981290793295834,"RIBOSYN2-PWY",25925.9739281473,1
5076.05597352201,-0.00032917434763222,0.0193518617228935,0.755426689583948,0.981290793295834,"RUMP-PWY",2856.15644544892,1
22220.1715551589,-0.000735401259493083,0.0192929202243731,0.688590435355769,0.981290793295834,"SALVADEHYPOX-PWY",21872.5799380974,1
47462.647335578,0.00274523691982893,0.0188221377075616,0.540616632790373,0.975348467356041,"SER-GLYSYN-PWY",47808.3044584954,1
14388.7121578057,-0.00144685122776126,0.0192964567722606,0.421012902285925,0.963929870978775,"SO4ASSIM-PWY",12651.5976517543,1
21000.7750401841,-0.00122515319081689,0.0192398374824016,0.596827960525971,0.981290793295834,"SULFATE-CYS-PWY",19513.7922494341,1
47678.1824805344,0.000820875646799742,0.019027243196732,0.82049754872892,0.981290793295834,"THISYNARA-PWY",43294.7647125252,1
53489.6025944132,0.000879538141362243,0.018847707854928,0.841209987571229,0.981290793295834,"THRESYN-PWY",53758.4730947444,1
45668.3309884413,0.000875539633972684,0.0188625152835137,0.839864916544232,0.981290793295834,"TRNA-CHARGING-PWY",45562.3983164322,1
1044.54094282994,-0.00119386722291866,0.0193731544043076,0.0280237235632769,0.407699978291544,"TYRFUMCAT-PWY",1971.88925006247,0.929824561403509
46369.3944321312,0.00075490518074998,0.0190187301691185,0.836543344269999,0.981290793295834,"UDPNAGSYN-PWY",47294.0165368471,1
314.079285050891,-0.000673096805157717,0.019368263533968,0.333484523211297,0.963929870978775,"URDEGR-PWY",353.263029183142,0.982456140350877
1447.59385731606,-0.0014556070420189,0.0193699507009221,0.024562134104345,0.407699978291544,"URSIN-PWY",746.524942369508,0.929824561403509
57313.1586492543,0.00179869083581951,0.0190647119792647,0.599898252417063,0.981290793295834,"VALSYN-PWY",61237.5038885154,1
